{
  "vertices": {
    "0": {
      "position": {
        "x": 1.5,
        "y": -10
      },
      "associated_graph": {
        "vertices": {
          "0": {
            "position": {
              "x": -0.28896766313551187,
              "y": 0.3925616729525966
            }
          },
          "1": {
            "position": {
              "x": -0.3040085690267775,
              "y": -0.21717596157184166
            }
          },
          "2": {
            "position": {
              "x": 0.29769546506947575,
              "y": 0.22575053031074893
            }
          },
          "3": {
            "position": {
              "x": -0.7047192329071865,
              "y": -0.8280001403499749
            }
          },
          "4": {
            "position": {
              "x": 1.0,
              "y": 0.4268638986584708
            }
          }
        },
        "edges": [
          [
            0,
            1
          ],
          [
            0,
            2
          ],
          [
            1,
            2
          ],
          [
            1,
            3
          ],
          [
            2,
            4
          ]
        ]
      }
    },
    "0-0": {
      "position": {
        "x": 0.5,
        "y": -20
      },
      "associated_graph": {
        "vertices": {
          "0": {
            "position": {
              "x": 0.1766555152960303,
              "y": -0.3256200466500152
            }
          },
          "1": {
            "position": {
              "x": 0.3693356447632667,
              "y": -0.29827106301751016
            }
          },
          "2": {
            "position": {
              "x": 0.23973528441050587,
              "y": -0.10281583549994713
            }
          },
          "3": {
            "position": {
              "x": -1.0,
              "y": 0.5751876497640837
            }
          },
          "4": {
            "position": {
              "x": 0.21427355553019725,
              "y": 0.1515192954033888
            }
          }
        },
        "edges": [
          [
            0,
            1
          ],
          [
            0,
            2
          ],
          [
            1,
            2
          ],
          [
            2,
            4
          ]
        ]
      }
    },
    "0-1": {
      "position": {
        "x": 1.5,
        "y": -20
      },
      "associated_graph": {
        "vertices": {
          "0": {
            "position": {
              "x": -0.0008400431951464323,
              "y": 0.0031622286627336826
            }
          },
          "1": {
            "position": {
              "x": 0.5326498150769889,
              "y": -0.11803265437825125
            }
          },
          "2": {
            "position": {
              "x": -0.5316892870248155,
              "y": 0.12018354249354384
            }
          },
          "3": {
            "position": {
              "x": 0.9998795151429729,
              "y": -0.2262947497920915
            }
          },
          "4": {
            "position": {
              "x": -1.0,
              "y": 0.22098163301406493
            }
          }
        },
        "edges": [
          [
            0,
            1
          ],
          [
            0,
            2
          ],
          [
            1,
            3
          ],
          [
            2,
            4
          ]
        ]
      }
    },
    "0-2": {
      "position": {
        "x": 2.5,
        "y": -20
      },
      "associated_graph": {
        "vertices": {
          "0": {
            "position": {
              "x": -0.9203776510642261,
              "y": -0.2526218582560578
            }
          },
          "1": {
            "position": {
              "x": 0.3442602431326702,
              "y": 0.43447051177278034
            }
          },
          "2": {
            "position": {
              "x": -0.18016530890110763,
              "y": -0.22742050999403612
            }
          },
          "3": {
            "position": {
              "x": 0.7931228551814397,
              "y": 1.0
            }
          },
          "4": {
            "position": {
              "x": -0.036840138348776065,
              "y": -0.9544281435226863
            }
          }
        },
        "edges": [
          [
            0,
            2
          ],
          [
            1,
            2
          ],
          [
            1,
            3
          ],
          [
            2,
            4
          ]
        ]
      }
    },
    "0-0-0": {
      "position": {
        "x": 0.0,
        "y": -30
      },
      "associated_graph": {
        "vertices": {
          "0": {
            "position": {
              "x": 0.4720493847593636,
              "y": -0.41780652392425444
            }
          },
          "1": {
            "position": {
              "x": 0.32431709629954114,
              "y": -0.4007528520808292
            }
          },
          "2": {
            "position": {
              "x": 0.4091535509883045,
              "y": -0.2819884246208214
            }
          },
          "3": {
            "position": {
              "x": -1.0,
              "y": 0.13528275056865954
            }
          },
          "4": {
            "position": {
              "x": -0.20552003204720928,
              "y": 0.9652650500572455
            }
          }
        },
        "edges": [
          [
            0,
            1
          ],
          [
            0,
            2
          ],
          [
            1,
            2
          ]
        ]
      }
    },
    "0-0-1": {
      "position": {
        "x": 1.0,
        "y": -30
      },
      "associated_graph": {
        "vertices": {
          "0": {
            "position": {
              "x": -0.04480870283328689,
              "y": 0.5991622119846903
            }
          },
          "1": {
            "position": {
              "x": 0.08168653982106736,
              "y": 0.36257111656197893
            }
          },
          "2": {
            "position": {
              "x": 0.24711919091976603,
              "y": 0.11895414797352742
            }
          },
          "3": {
            "position": {
              "x": -0.7070521741409118,
              "y": -1.0
            }
          },
          "4": {
            "position": {
              "x": 0.42305514623336554,
              "y": -0.08068747652019684
            }
          }
        },
        "edges": [
          [
            0,
            1
          ],
          [
            1,
            2
          ],
          [
            2,
            4
          ]
        ]
      }
    },
    "0-0-2": {
      "position": {
        "x": 2.0,
        "y": -30
      },
      "associated_graph": {
        "vertices": {
          "0": {
            "position": {
              "x": -0.028349955057581283,
              "y": -0.20101697428167514
            }
          },
          "1": {
            "position": {
              "x": 0.42946497817131485,
              "y": -0.30179426118664
            }
          },
          "2": {
            "position": {
              "x": 0.24160006717791735,
              "y": -0.07073360276094565
            }
          },
          "3": {
            "position": {
              "x": -0.9999999999999999,
              "y": 0.35528443805077015
            }
          },
          "4": {
            "position": {
              "x": 0.35728490970834864,
              "y": 0.21826040017849066
            }
          }
        },