{
  "vertices": {
    "0": {
      "position": {
        "x": 0.0,
        "y": -10
      },
      "associated_graph": {
        "vertices": {
          "0": {
            "position": {
              "x": 0.0016008745670280057,
              "y": -0.001514860564868792
            }
          },
          "1": {
            "position": {
              "x": 0.537626087485001,
              "y": -1.0
            }
          },
          "2": {
            "position": {
              "x": 0.9982154726750107,
              "y": 0.5399327836959661
            }
          },
          "3": {
            "position": {
              "x": -0.9975441413718672,
              "y": -0.5375463789918205
            }
          },
          "4": {
            "position": {
              "x": -0.5398982933551725,
              "y": 0.9991284558607229
            }
          }
        },
        "edges": [
          [
            0,
            1
          ],
          [
            0,
            2
          ],
          [
            0,
            3
          ],
          [
            0,
            4
          ]
        ]
      }
    },
    "0-0": {
      "position": {
        "x": 0.0,
        "y": -20
      },
      "associated_graph": {
        "vertices": {
          "0": {
            "position": {
              "x": 0.2432327657132112,
              "y": 0.017001454247466928
            }
          },
          "1": {
            "position": {
              "x": -1.0,
              "y": -0.0694587456960976
            }
          },
          "2": {
            "position": {
              "x": 0.4338963305810255,
              "y": 0.01766217911228742
            }
          },
          "3": {
            "position": {
              "x": 0.16184017013435342,
              "y": 0.1856640486115398
            }
          },
          "4": {
            "position": {
              "x": 0.16103073357140973,
              "y": -0.1508689362751965
            }
          }
        },
        "edges": [
          [
            0,
            2
          ],
          [
            0,
            3
          ],
          [
            0,
            4
          ]
        ]
      }
    },
    "0-0-0": {
      "position": {
        "x": 0.0,
        "y": -30
      },
      "associated_graph": {
        "vertices": {
          "0": {
            "position": {
              "x": 0.398689241022314,
              "y": -0.35456122621746444
            }
          },
          "1": {
            "position": {
              "x": -0.231622108370343,
              "y": 0.7834036048570273
            }
          },
          "2": {
            "position": {
              "x": -1.0,
              "y": 0.32659847067908465
            }
          },
          "3": {
            "position": {
              "x": 0.2731387462588916,
              "y": -0.48327460762531615
            }
          },
          "4": {
            "position": {
              "x": 0.5597941210891373,
              "y": -0.2721662416933311
            }
          }
        },
        "edges": [
          [
            0,
            3
          ],
          [
            0,
            4
          ]
        ]
      }
    },
    "0-0-0-0": {
      "position": {
        "x": 0.0,
        "y": -40
      },
      "associated_graph": {
        "vertices": {
          "0": {
            "position": {
              "x": 0.2972263830427627,
              "y": -0.11077264312128629
            }
          },
          "1": {
            "position": {
              "x": 1.0,
              "y": 0.5000600364907275
            }
          },
          "2": {
            "position": {
              "x": -0.6022018525173131,
              "y": -0.9856574267562265
            }
          },
          "3": {
            "position": {
              "x": -0.9141673799991153,
              "y": 0.5381711861346519
            }
          },
          "4": {
            "position": {
              "x": 0.2191428494736656,
              "y": 0.05819884725213327
            }
          }
        },
        "edges": [
          [
            0,
            4
          ]
        ]
      }
    },
    "0-0-0-0-0": {
      "position": {
        "x": 0.0,
        "y": -50
      },
      "associated_graph": {
        "vertices": {
          "0": {
            "position": {
              "x": -0.6629087783286002,
              "y": 0.5497394937491574
            }
          },
          "1": {
            "position": {
              "x": 1.0,
              "y": -0.021850074108356224
            }
          },
          "2": {
            "position": {
              "x": -0.8874747772356738,
              "y": -0.6331509496009243
            }
          },
          "3": {
            "position": {
              "x": 0.33913361691909344,
              "y": 0.9984253250160869
            }
          },
          "4": {
            "position": {
              "x": 0.21124993864518046,
              "y": -0.8931637950559637
            }
          }
        },
        "edges": []
      }
    }
  },
  "edges": [
    [
      "0",
      "0-0"
    ],
    [
      "0-0",
      "0-0-0"
    ],
    [
      "0-0-0",
      "0-0-0-0"
    ],
    [
      "0-0-0-0",
      "0-0-0-0-0"
    ]
  ],
  "ramsey_set": []
}