{
  "vertices": {
    "0": {
      "position": {
        "x": 0.0,
        "y": -10
      },
      "associated_graph": {
        "vertices": {
          "0": {
            "position": {
              "x": 0.8744973609850741,
              "y": -0.4853261396889509
            }
          },
          "1": {
            "position": {
              "x": -0.8575534465838034,
              "y": -0.5146738603110494
            }
          },
          "2": {
            "position": {
              "x": -0.016943914401270407,
              "y": 1.0
            }
          }
        },
        "edges": [
          [
            0,
            1
          ],
          [
            0,
            2
          ],
          [
            1,
            2
          ]
        ]
      }
    },
    "0-0": {
      "position": {
        "x": 0.0,
        "y": -20
      },
      "associated_graph": {
        "vertices": {
          "0": {
            "position": {
              "x": -0.623302568154003,
              "y": 0.9988424565587556
            }
          },
          "1": {
            "position": {
              "x": 0.6240257530167626,
              "y": -1.0
            }
          },
          "2": {
            "position": {
              "x": -0.0007231848627594975,
              "y": 0.0011575434412445403
            }
          }
        },
        "edges": [
          [
            0,
            2
          ],
          [
            1,
            2
          ]
        ]
      }
    },
    "0-0-0": {
      "position": {
        "x": 0.0,
        "y": -30
      },
      "associated_graph": {
        "vertices": {
          "0": {
            "position": {
              "x": 0.9343057119416033,
              "y": 1.0
            }
          },
          "1": {
            "position": {
              "x": -0.3599673819531288,
              "y": -0.577926870091322
            }
          },
          "2": {
            "position": {
              "x": -0.5743383299884746,
              "y": -0.42207312990867785
            }
          }
        },
        "edges": [
          [
            1,
            2
          ]
        ]
      }
    },
    "0-0-0-0": {
      "position": {
        "x": 0.0,
        "y": -40
      },
      "associated_graph": {
        "vertices": {
          "0": {
            "position": {
              "x": 0.7545815565095959,
              "y": 0.6880298242820808
            }
          },
          "1": {
            "position": {
              "x": -0.21053919366595866,
              "y": -1.0
            }
          },
          "2": {
            "position": {
              "x": -0.5440423628436372,
              "y": 0.3119701757179193
            }
          }
        },
        "edges": []
      }
    }
  },
  "edges": [
    [
      "0",
      "0-0"
    ],
    [
      "0-0",
      "0-0-0"
    ],
    [
      "0-0-0",
      "0-0-0-0"
    ]
  ],
  "ramsey_set": [
    "0-0-0",
    "0-0-0-0",
    "0-0"
  ]
}