{
  "vertices": {
    "0": {
      "position": {
        "x": 1.0,
        "y": -10
      },
      "associated_graph": {
        "vertices": {
          "0": {
            "position": {
              "x": -0.19044712252521837,
              "y": -0.9999999999696819
            }
          },
          "1": {
            "position": {
              "x": -0.9968106258087855,
              "y": 0.1898397153778921
            }
          },
          "2": {
            "position": {
              "x": 0.19044712253099214,
              "y": 1.0
            }
          },
          "3": {
            "position": {
              "x": 0.9968106258030113,
              "y": -0.18983971540820999
            }
          }
        },
        "edges": [
          [
            0,
            1
          ],
          [
            0,
            2
          ],
          [
            0,
            3
          ],
          [
            1,
            2
          ],
          [
            1,
            3
          ],
          [
            2,
            3
          ]
        ]
      }
    },
    "0-0": {
      "position": {
        "x": 1.0,
        "y": -20
      },
      "associated_graph": {
        "vertices": {
          "0": {
            "position": {
              "x": -0.9962713486237004,
              "y": 0.9999999999999829
            }
          },
          "1": {
            "position": {
              "x": 0.996271348623357,
              "y": -1.0
            }
          },
          "2": {
            "position": {
              "x": 0.46501121387926353,
              "y": 0.4632773491804466
            }
          },
          "3": {
            "position": {
              "x": -0.46501121387891997,
              "y": -0.4632773491804292
            }
          }
        },
        "edges": [
          [
            0,
            2
          ],
          [
            0,
            3
          ],
          [
            1,
            2
          ],
          [
            1,
            3
          ],
          [
            2,
            3
          ]
        ]
      }
    },
    "0-0-0": {
      "position": {
        "x": 0.5,
        "y": -30
      },
      "associated_graph": {
        "vertices": {
          "0": {
            "position": {
              "x": 0.9999999999999999,
              "y": 0.44481613256545255
            }
          },
          "1": {
            "position": {
              "x": -0.9917122884786986,
              "y": -0.4411296223917014
            }
          },
          "2": {
            "position": {
              "x": 0.43507410623454834,
              "y": -0.9892578970247626
            }
          },
          "3": {
            "position": {
              "x": -0.44336181775585,
              "y": 0.9855713868510121
            }
          }
        },
        "edges": [
          [
            0,
            2
          ],
          [
            0,
            3
          ],
          [
            1,
            2
          ],
          [
            1,
            3
          ]
        ]
      }
    },
    "0-0-1": {
      "position": {
        "x": 1.5,
        "y": -30
      },
      "associated_graph": {
        "vertices": {
          "0": {
            "position": {
              "x": 0.4551257020942196,
              "y": -1.0
            }
          },
          "1": {
            "position": {
              "x": -0.5832696010579085,
              "y": 0.42011413025722283
            }
          },
          "2": {
            "position": {
              "x": 0.06630718004752714,
              "y": 0.715753214253382
            }
          },
          "3": {
            "position": {
              "x": 0.06183671891616171,
              "y": -0.1358673445106052
            }
          }
        },
        "edges": [
          [
            0,
            3
          ],
          [
            1,
            2
          ],
          [
            1,
            3
          ],
          [
            2,
            3
          ]
        ]
      }
    },
    "0-0-0-0": {
      "position": {
        "x": 0.0,
        "y": -40
      },
      "associated_graph": {
        "vertices": {
          "0": {
            "position": {
              "x": -0.44951523674175514,
              "y": 0.9995375448657938
            }
          },
          "1": {
            "position": {
              "x": 0.15891688042028634,
              "y": -0.3533737893982637
            }
          },
          "2": {
            "position": {
              "x": 0.4497344564194474,
              "y": -1.0
            }
          },
          "3": {
            "position": {
              "x": -0.15913610009797852,
              "y": 0.35383624453247003
            }
          }
        },
        "edges": [
          [
            0,
            3
          ],
          [
            1,
            2
          ],
          [
            1,
            3
          ]
        ]
      }
    },
    "0-0-1-1": {
      "position": {
        "x": 1.0,
        "y": -40
      },
      "associated_graph": {
        "vertices": {
          "0": {
            "position": {
              "x": 0.8501442865695199,
              "y": -0.5276784227002594
            }
          },
          "1": {
            "position": {
              "x": -0.8821638306062003,
              "y": -0.47156315790169734
            }
          },
          "2": {
            "position": {
              "x": 0.03341000154497983,
              "y": 1.0
            }
          },
          "3": {
            "position": {
              "x": -0.0013904575082995087,
              "y": -0.0007584193980428941
            }
          }
        },
        "edges": [
          [
            0,
            3
          ],
          [
            1,
            3
          ],
          [
            2,
            3
          ]
        ]
      }
    },
    "0-0-1-2": {
      "position": {
        "x": 2.0,
        "y": -40
      },
      "associated_graph": {
        "vertices": {
          "0": {
            "position": {
              "x": -0.3819965499314948,
              "y": 0.9999999999999999
            }
          },
          "1": {
            "position": {
              "x": 0.19972361967755908,
              "y": -0.25217754022627725
            }
          },
          "2": {
            "position": {
              "x": 0.16126735694594746,
              "y": -0.4381478973962703
            }
          },
          "3": {
            "position": {
              "x": 0.021005573307988197,
              "y": -0.30967456237745244
            }
          }
        },
        "edges": [
          [
            1,
            2
          ],
          [
            1,
            3
          ],
          [
            2,
            3
          ]
        ]
      }
    },
    "0-0-0-0-0": {
      "position": {
        "x": 0.5,
        "y": -50
      },
      "associated_graph": {
        "vertices": {
          "0": {
            "position": {
              "x": 0.8517865195239637,
              "y": 0.4682935041097263
            }
          },
          "1": {
            "position": {
              "x": -0.7879326191947581,
              "y": -0.3991134253706687
            }
          },
          "2": {
            "position": {
              "x": -1.0,
              "y": -0.3315142491900867
            }
          },
          "3": {
            "position": {
              "x": 0.9361460996707943,