{
  "vertices": {
    "0": {
      "position": {
        "x": 0.0,
        "y": -10
      },
      "associated_graph": {
        "vertices": {
          "0": {
            "position": {
              "x": 0.00024364768704402093,
              "y": 0.00014728808381649192
            }
          },
          "1": {
            "position": {
              "x": -0.8704403963812974,
              "y": 0.4924437074032221
            }
          },
          "2": {
            "position": {
              "x": 0.012323070402327238,
              "y": -1.0
            }
          },
          "3": {
            "position": {
              "x": 0.8578736782919261,
              "y": 0.5074090045129614
            }
          }
        },
        "edges": [
          [
            0,
            1
          ],
          [
            0,
            2
          ],
          [
            0,
            3
          ]
        ]
      }
    },
    "0-0": {
      "position": {
        "x": 0.0,
        "y": -20
      },
      "associated_graph": {
        "vertices": {
          "0": {
            "position": {
              "x": 0.10600829795253851,
              "y": 0.3151545766456423
            }
          },
          "1": {
            "position": {
              "x": -0.39113458196780126,
              "y": -0.9999999999999999
            }
          },
          "2": {
            "position": {
              "x": 0.29495623307160235,
              "y": 0.09388316944900983
            }
          },
          "3": {
            "position": {
              "x": -0.009829949056339628,
              "y": 0.5909622539053477
            }
          }
        },
        "edges": [
          [
            0,
            2
          ],
          [
            0,
            3
          ]
        ]
      }
    },
    "0-0-0": {
      "position": {
        "x": 0.0,
        "y": -30
      },
      "associated_graph": {
        "vertices": {
          "0": {
            "position": {
              "x": -0.008432399589623179,
              "y": 0.871524946870048
            }
          },
          "1": {
            "position": {
              "x": 0.8663761459472584,
              "y": -0.9999999999999999
            }
          },
          "2": {
            "position": {
              "x": -0.6844175879393993,
              "y": -0.8454737747692164
            }
          },
          "3": {
            "position": {
              "x": -0.17352615841823577,
              "y": 0.9739488278991684
            }
          }
        },
        "edges": [
          [
            0,
            3
          ]
        ]
      }
    },
    "0-0-0-0": {
      "position": {
        "x": 0.0,
        "y": -40
      },
      "associated_graph": {
        "vertices": {
          "0": {
            "position": {
              "x": -0.79927028158839,
              "y": -0.9819476381395791
            }
          },
          "1": {
            "position": {
              "x": 0.633593899760292,
              "y": -0.6849149609572244
            }
          },
          "2": {
            "position": {
              "x": -0.8343236181719021,
              "y": 0.9378564043722792
            }
          },
          "3": {
            "position": {
              "x": 1.0,
              "y": 0.7290061947245244
            }
          }
        },
        "edges": []
      }
    }
  },
  "edges": [
    [
      "0",
      "0-0"
    ],
    [
      "0-0",
      "0-0-0"
    ],
    [
      "0-0-0",
      "0-0-0-0"
    ]
  ],
  "ramsey_set": []
}