{
  "vertices": {
    "0": {
      "position": {
        "x": 1.0,
        "y": -10
      },
      "associated_graph": {
        "vertices": {
          "0": {
            "position": {
              "x": -0.1070925416776777,
              "y": 0.39282817785113505
            }
          },
          "1": {
            "position": {
              "x": 0.3039123050902739,
              "y": -0.2700430681196497
            }
          },
          "2": {
            "position": {
              "x": 1.0,
              "y": 0.6216039736548304
            }
          },
          "3": {
            "position": {
              "x": -0.959116556420708,
              "y": 0.217227692988517
            }
          },
          "4": {
            "position": {
              "x": -0.23770320699188782,
              "y": -0.9616167763748323
            }
          }
        },
        "edges": [
          [
            0,
            2
          ],
          [
            0,
            3
          ],
          [
            0,
            4
          ],
          [
            1,
            2
          ],
          [
            1,
            3
          ],
          [
            1,
            4
          ]
        ]
      }
    },
    "0-0": {
      "position": {
        "x": 1.0,
        "y": -20
      },
      "associated_graph": {
        "vertices": {
          "0": {
            "position": {
              "x": 0.7510873479595288,
              "y": 0.4645349891788784
            }
          },
          "1": {
            "position": {
              "x": -0.29570961423194236,
              "y": -0.18291531723633778
            }
          },
          "2": {
            "position": {
              "x": -1.0,
              "y": -0.6184162107162574
            }
          },
          "3": {
            "position": {
              "x": 0.03753101139956045,
              "y": 0.5479532707303323
            }
          },
          "4": {
            "position": {
              "x": 0.5070912548728532,
              "y": -0.21115673195661577
            }
          }
        },
        "edges": [
          [
            0,
            3
          ],
          [
            0,
            4
          ],
          [
            1,
            2
          ],
          [
            1,
            3
          ],
          [
            1,
            4
          ]
        ]
      }
    },
    "0-0-0": {
      "position": {
        "x": 0.0,
        "y": -30
      },
      "associated_graph": {
        "vertices": {
          "0": {
            "position": {
              "x": -0.5135840508674994,
              "y": -0.5341866825746268
            }
          },
          "1": {
            "position": {
              "x": 0.5129033473398754,
              "y": 0.5336194170269917
            }
          },
          "2": {
            "position": {
              "x": 0.9610747574517305,
              "y": 0.999566007428792
            }
          },
          "3": {
            "position": {
              "x": -0.9611824629194994,
              "y": -1.0
            }
          },
          "4": {
            "position": {
              "x": 0.000788408995392432,
              "y": 0.0010012581188429282
            }
          }
        },
        "edges": [
          [
            0,
            3
          ],
          [
            0,
            4
          ],
          [
            1,
            2
          ],
          [
            1,
            4
          ]
        ]
      }
    },
    "0-0-1": {
      "position": {
        "x": 1.0,
        "y": -30
      },
      "associated_graph": {
        "vertices": {
          "0": {
            "position": {
              "x": 0.17477334078313725,
              "y": 0.04989706527582735
            }
          },
          "1": {
            "position": {
              "x": 0.32538326399796036,
              "y": -0.19735786368589486
            }
          },
          "2": {
            "position": {
              "x": -1.0,
              "y": 0.29501646524494274
            }
          },
          "3": {
            "position": {
              "x": 0.3732038259655895,
              "y": 0.0040593980180751174
            }
          },
          "4": {
            "position": {
              "x": 0.12663956925331254,
              "y": -0.15161506485295032
            }
          }
        },
        "edges": [
          [
            0,
            3
          ],
          [
            0,
            4
          ],
          [
            1,
            3
          ],
          [
            1,
            4
          ]
        ]
      }
    },
    "0-0-2": {
      "position": {
        "x": 2.0,
        "y": -30
      },
      "associated_graph": {
        "vertices": {
          "0": {
            "position": {
              "x": 1.0,
              "y": 0.09405962627228243
            }
          },
          "1": {
            "position": {
              "x": -0.23042413818719962,
              "y": -0.021934579510609238
            }
          },
          "2": {
            "position": {
              "x": -0.56057068988834,
              "y": -0.4986861439586784
            }
          },
          "3": {
            "position": {
              "x": -0.6430445542968213,
              "y": 0.3867129445569284
            }
          },
          "4": {
            "position": {
              "x": 0.4340393823723611,
              "y": 0.03984815264007688
            }
          }
        },
        "edges": [
          [
            0,
            4
          ],
          [
            1,
            2
          ],
          [
            1,
            3
          ],
          [
            1,
            4
          ]
        ]
      }
    },
    "0-0-0-0": {
      "position": {
        "x": 0.0,
        "y": -40
      },
      "associated_graph": {
        "vertices": {
          "0": {
            "position": {
              "x": -0.8544976198270553,
              "y": -0.5075835769400564
            }
          },
          "1": {
            "position": {
              "x": 0.607619099595651,
              "y": 0.28782467436899833
            }
          },
          "2": {
            "position": {
              "x": 0.5200364983005792,
              "y": 0.4984180940749869
            }
          },
          "3": {
            "position": {
              "x": -1.0,
              "y": -0.3719133614826716
            }
          },
          "4": {
            "position": {
              "x": 0.7268420219308249,
              "y": 0.09325416997874295
            }
          }
        },
        "edges": [
          [
            0,
            3
          ],
          [
            1,
            2
          ],
          [
            1,
            4
          ]
        ]
      }
    },
    "0-0-0-1": {
      "position": {
        "x": 1.0,
        "y": -40
      },
      "associated_graph": {
        "vertices": {
          "0": {
            "position": {
              "x": 0.33336962003062925,
              "y": -0.3336912250285463
            }
          },
          "1": {
            "position": {
              "x": -0.05668901416632878,
              "y": -0.21452447293952806
            }
          },
          "2": {
            "position": {
              "x": -0.24695343655908591,
              "y": -0.18185210537952856
            }
          },
          "3": {
            "position": {
              "x": -0.17934140676239693,
              "y": 1.0
            }
          },