{
  "vertices": {
    "0": {
      "position": {
        "x": 0.0,
        "y": -10
      },
      "associated_graph": {
        "vertices": {
          "0": {
            "position": {
              "x": -5.212533040115333e-05,
              "y": 0.0003334004718729101
            }
          },
          "1": {
            "position": {
              "x": -0.7085323253873147,
              "y": 0.7203769025229684
            }
          },
          "2": {
            "position": {
              "x": 0.4662362022713643,
              "y": 0.8972298827898497
            }
          },
          "3": {
            "position": {
              "x": 0.15054744522126354,
              "y": -1.0
            }
          },
          "4": {
            "position": {
              "x": -0.9058092828990139,
              "y": -0.45311276492197433
            }
          },
          "5": {
            "position": {
              "x": 0.9976100861241026,
              "y": -0.1648274208627167
            }
          }
        },
        "edges": [
          [
            0,
            1
          ],
          [
            0,
            2
          ],
          [
            0,
            3
          ],
          [
            0,
            4
          ],
          [
            0,
            5
          ]
        ]
      }
    },
    "0-0": {
      "position": {
        "x": 0.0,
        "y": -20
      },
      "associated_graph": {
        "vertices": {
          "0": {
            "position": {
              "x": 0.1957594020713431,
              "y": -0.08455134279732489
            }
          },
          "1": {
            "position": {
              "x": -1.0,
              "y": 0.42615581576878453
            }
          },
          "2": {
            "position": {
              "x": 0.062732668692524,
              "y": -0.2502699769560249
            }
          },
          "3": {
            "position": {
              "x": 0.3604958099387033,
              "y": -0.2223575068506388
            }
          },
          "4": {
            "position": {
              "x": 0.04344197290786224,
              "y": 0.05645705286486466
            }
          },
          "5": {
            "position": {
              "x": 0.3375701463895676,
              "y": 0.07456595797033926
            }
          }
        },
        "edges": [
          [
            0,
            2
          ],
          [
            0,
            3
          ],
          [
            0,
            4
          ],
          [
            0,
            5
          ]
        ]
      }
    },
    "0-0-0": {
      "position": {
        "x": 0.0,
        "y": -30
      },
      "associated_graph": {
        "vertices": {
          "0": {
            "position": {
              "x": 0.41925977355267685,
              "y": 0.16150837852352756
            }
          },
          "1": {
            "position": {
              "x": -0.7510515498400114,
              "y": -0.7862435122390826
            }
          },
          "2": {
            "position": {
              "x": -1.0,
              "y": 0.18624387797390252
            }
          },
          "3": {
            "position": {
              "x": 0.6629392903781428,
              "y": 0.08684105729666536
            }
          },
          "4": {
            "position": {
              "x": 0.35590157023456276,
              "y": 0.42465597558066775
            }
          },
          "5": {
            "position": {
              "x": 0.31295091567462874,
              "y": -0.07300577713568053
            }
          }
        },
        "edges": [
          [
            0,
            3
          ],
          [
            0,
            4
          ],
          [
            0,
            5
          ]
        ]
      }
    },
    "0-0-0-0": {
      "position": {
        "x": 0.0,
        "y": -40
      },
      "associated_graph": {
        "vertices": {
          "0": {
            "position": {
              "x": 0.3970467546311386,
              "y": -0.4989498270356429
            }
          },
          "1": {
            "position": {
              "x": 0.27780054175507796,
              "y": 1.0
            }
          },
          "2": {
            "position": {
              "x": -0.7238843589149851,
              "y": -0.03421750222330354
            }
          },
          "3": {
            "position": {
              "x": -0.8258630679527635,
              "y": 0.6636940345837554
            }
          },
          "4": {
            "position": {
              "x": 0.5922989816237159,
              "y": -0.4780170211233068
            }
          },
          "5": {
            "position": {
              "x": 0.28260114885781623,
              "y": -0.6525096842015023
            }
          }
        },
        "edges": [
          [
            0,
            4
          ],
          [
            0,
            5
          ]
        ]
      }
    },
    "0-0-0-0-0": {
      "position": {
        "x": 0.0,
        "y": -50
      },
      "associated_graph": {
        "vertices": {
          "0": {
            "position": {
              "x": -0.4864312410090121,
              "y": -0.6405756702455971
            }
          },
          "1": {
            "position": {
              "x": 0.6281223802378744,
              "y": -0.6752834972298192
            }
          },
          "2": {
            "position": {
              "x": 0.15973471654540944,
              "y": 0.9990275691154819
            }
          },
          "3": {
            "position": {
              "x": 1.0,
              "y": 0.15562759663768516
            }
          },
          "4": {
            "position": {
              "x": -0.7774682083659407,
              "y": 0.6162577916430574
            }
          },
          "5": {
            "position": {
              "x": -0.5239576474083312,
              "y": -0.455053789920808
            }
          }
        },
        "edges": [
          [
            0,
            5
          ]
        ]
      }
    },
    "0-0-0-0-0-0": {
      "position": {
        "x": 0.0,
        "y": -60
      },
      "associated_graph": {
        "vertices": {
          "0": {
            "position": {
              "x": 1.0,
              "y": -0.2807303593528506
            }
          },
          "1": {
            "position": {
              "x": 0.7065647378887087,
              "y": 0.7195277944090718
            }
          },
          "2": {
            "position": {
              "x": -0.8704060173322248,
              "y": -0.5869096108575537
            }
          },
          "3": {
            "position": {
              "x": -0.8305162726684833,
              "y": 0.3064258802247247
            }
          },
          "4": {
            "position": {
              "x": 0.12902643556288876,
              "y": -0.9809246051621524
            }
          },
          "5": {
            "position": {
              "x": -0.1346688834508896,
              "y": 0.8226109007387602
            }
          }
        },
        "edges": []
      }
    }
  },
  "edges": [
    [
      "0",
      "0-0"
    ],
    [
      "0-0",
      "0-0-0"
    ],
    [
      "0-0-0",
      "0-0-0-0"
    ],
    [
      "0-0-0-0",
      "0-0-0-0-0"
    ],
    [
      "0-0-0-0-0",
      "0-0-0-0-0-0"
    ]
  ],
  "ramsey_set": []
}