{
  "vertices": {
    "0": {
      "position": {
        "x": 0.5,
        "y": -10
      },
      "associated_graph": {
        "vertices": {
          "0": {
            "position": {
              "x": 0.8346069687310884,
              "y": -0.9999984824592016
            }
          },
          "1": {
            "position": {
              "x": -0.8346249156109632,
              "y": 1.0
            }
          },
          "2": {
            "position": {
              "x": 0.9999882138791176,
              "y": 0.8345622389978287
            }
          },
          "3": {
            "position": {
              "x": -0.9999702669992425,
              "y": -0.8345637565386279
            }
          }
        },
        "edges": [
          [
            0,
            2
          ],
          [
            0,
            3
          ],
          [
            1,
            2
          ],
          [
            1,
            3
          ]
        ]
      }
    },
    "0-0": {
      "position": {
        "x": 0.5,
        "y": -20
      },
      "associated_graph": {
        "vertices": {
          "0": {
            "position": {
              "x": -0.7193467791764739,
              "y": -0.9999836377014605
            }
          },
          "1": {
            "position": {
              "x": 0.25407895689649657,
              "y": 0.3531957533876001
            }
          },
          "2": {
            "position": {
              "x": 0.7193444098222301,
              "y": 1.0
            }
          },
          "3": {
            "position": {
              "x": -0.2540765875422527,
              "y": -0.35321211568613986
            }
          }
        },
        "edges": [
          [
            0,
            3
          ],
          [
            1,
            2
          ],
          [
            1,
            3
          ]
        ]
      }
    },
    "0-0-0": {
      "position": {
        "x": 0.0,
        "y": -30
      },
      "associated_graph": {
        "vertices": {
          "0": {
            "position": {
              "x": 0.002392654351844626,
              "y": -0.8897273969795286
            }
          },
          "1": {
            "position": {
              "x": -0.23248321234040437,
              "y": 0.8757269178278216
            }
          },
          "2": {
            "position": {
              "x": -0.009103226307461335,
              "y": 1.0
            }
          },
          "3": {
            "position": {
              "x": 0.23919378429602112,
              "y": -0.9859995208482931
            }
          }
        },
        "edges": [
          [
            0,
            3
          ],
          [
            1,
            2
          ]
        ]
      }
    },
    "0-0-1": {
      "position": {
        "x": 1.0,
        "y": -30
      },
      "associated_graph": {
        "vertices": {
          "0": {
            "position": {
              "x": -0.9148311855892526,
              "y": 1.0
            }
          },
          "1": {
            "position": {
              "x": 0.3009722029113719,
              "y": -0.3197909598542333
            }
          },
          "2": {
            "position": {
              "x": 0.053118692815436505,
              "y": -0.3957623137775507
            }
          },
          "3": {
            "position": {
              "x": 0.5607402898624442,
              "y": -0.28444672636821605
            }
          }
        },
        "edges": [
          [
            1,
            2
          ],
          [
            1,
            3
          ]
        ]
      }
    },
    "0-0-0-0": {
      "position": {
        "x": 0.5,
        "y": -40
      },
      "associated_graph": {
        "vertices": {
          "0": {
            "position": {
              "x": 0.7519951094858502,
              "y": -1.0
            }
          },
          "1": {
            "position": {
              "x": -0.8876905539547718,
              "y": 0.016084560265568343
            }
          },
          "2": {
            "position": {
              "x": -0.829551688418488,
              "y": 0.2000639479932297
            }
          },
          "3": {
            "position": {
              "x": 0.9652471328874094,
              "y": 0.7838514917412019
            }
          }
        },
        "edges": [
          [
            1,
            2
          ]
        ]
      }
    },
    "0-0-0-0-0": {
      "position": {
        "x": 0.5,
        "y": -50
      },
      "associated_graph": {
        "vertices": {
          "0": {
            "position": {
              "x": -0.9635521464328924,
              "y": -0.2776997315326463
            }
          },
          "1": {
            "position": {
              "x": -0.2961737177671003,
              "y": 0.9245037156777584
            }
          },
          "2": {
            "position": {
              "x": 0.2597258641999927,
              "y": -0.9576402846210044
            }
          },
          "3": {
            "position": {
              "x": 0.9999999999999999,
              "y": 0.31083630047589234
            }
          }
        },
        "edges": []
      }
    }
  },
  "edges": [
    [
      "0",
      "0-0"
    ],
    [
      "0-0",
      "0-0-0"
    ],
    [
      "0-0",
      "0-0-1"
    ],
    [
      "0-0-0",
      "0-0-0-0"
    ],
    [
      "0-0-1",
      "0-0-0-0"
    ],
    [
      "0-0-0-0",
      "0-0-0-0-0"
    ]
  ],
  "ramsey_set": []
}