{
  "vertices": {
    "0": {
      "position": {
        "x": 0.0,
        "y": -10
      },
      "associated_graph": {
        "vertices": {
          "0": {
            "position": {
              "x": -1.0,
              "y": -0.07495175615040009
            }
          },
          "1": {
            "position": {
              "x": 0.9999999999999997,
              "y": 0.07495175615040009
            }
          }
        },
        "edges": [
          [
            0,
            1
          ]
        ]
      }
    },
    "0-0": {
      "position": {
        "x": 0.0,
        "y": -20
      },
      "associated_graph": {
        "vertices": {
          "0": {
            "position": {
              "x": 1.0,
              "y": -0.5340889736480228
            }
          },
          "1": {
            "position": {
              "x": -1.0,
              "y": 0.5340889736480225
            }
          }
        },
        "edges": []
      }
    }
  },
  "edges": [
    [
      "0",
      "0-0"
    ]
  ],
  "ramsey_set": [
    "0",
    "0-0"
  ]
}