{
  "vertices": {
    "0": {
      "position": {
        "x": 0.0,
        "y": -10
      },
      "associated_graph": {
        "vertices": {
          "0": {
            "position": {
              "x": 0.006957426200351441,
              "y": -0.004591956558083933
            }
          },
          "1": {
            "position": {
              "x": 0.6550138664311853,
              "y": 1.0
            }
          },
          "2": {
            "position": {
              "x": -0.6619712926315368,
              "y": -0.9954080434419152
            }
          }
        },
        "edges": [
          [
            0,
            1
          ],
          [
            0,
            2
          ]
        ]
      }
    },
    "0-0": {
      "position": {
        "x": 0.0,
        "y": -20
      },
      "associated_graph": {
        "vertices": {
          "0": {
            "position": {
              "x": 0.29460849743884543,
              "y": -0.48446221460700795
            }
          },
          "1": {
            "position": {
              "x": -0.38678497722281835,
              "y": 1.0
            }
          },
          "2": {
            "position": {
              "x": 0.09217647978397295,
              "y": -0.5155377853929921
            }
          }
        },
        "edges": [
          [
            0,
            2
          ]
        ]
      }
    },
    "0-0-0": {
      "position": {
        "x": 0.0,
        "y": -30
      },
      "associated_graph": {
        "vertices": {
          "0": {
            "position": {
              "x": 0.26013880893626734,
              "y": -0.9378164590199465
            }
          },
          "1": {
            "position": {
              "x": 0.7398611910637326,
              "y": 0.8040913666226795
            }
          },
          "2": {
            "position": {
              "x": -1.0,
              "y": 0.13372509239726713
            }
          }
        },
        "edges": []
      }
    }
  },
  "edges": [
    [
      "0",
      "0-0"
    ],
    [
      "0-0",
      "0-0-0"
    ]
  ],
  "ramsey_set": []
}