{
  "vertices": {
    "0": {
      "position": {
        "x": 1.0,
        "y": -10
      },
      "associated_graph": {
        "vertices": {
          "0": {
            "position": {
              "x": 0.8483670278024724,
              "y": 1.0
            }
          },
          "1": {
            "position": {
              "x": 0.4665942924639845,
              "y": -0.3958432130873452
            }
          },
          "2": {
            "position": {
              "x": -0.46659429246405576,
              "y": 0.3958432130872541
            }
          },
          "3": {
            "position": {
              "x": -0.8483670278024006,
              "y": -0.9999999999999087
            }
          }
        },
        "edges": [
          [
            0,
            1
          ],
          [
            0,
            2
          ],
          [
            1,
            2
          ],
          [
            1,
            3
          ],
          [
            2,
            3
          ]
        ]
      }
    },
    "0-0": {
      "position": {
        "x": 0.5,
        "y": -20
      },
      "associated_graph": {
        "vertices": {
          "0": {
            "position": {
              "x": 0.995156984358762,
              "y": 0.7405280610281436
            }
          },
          "1": {
            "position": {
              "x": -0.7441319041448773,
              "y": 1.0
            }
          },
          "2": {
            "position": {
              "x": 0.7441319035527127,
              "y": -0.9999999992042712
            }
          },
          "3": {
            "position": {
              "x": -0.9951569837665979,
              "y": -0.7405280618238725
            }
          }
        },
        "edges": [
          [
            0,
            1
          ],
          [
            0,
            2
          ],
          [
            1,
            3
          ],
          [
            2,
            3
          ]
        ]
      }
    },
    "0-1": {
      "position": {
        "x": 1.5,
        "y": -20
      },
      "associated_graph": {
        "vertices": {
          "0": {
            "position": {
              "x": 0.6695400998790649,
              "y": -1.0
            }
          },
          "1": {
            "position": {
              "x": -0.053076599134075496,
              "y": 0.7908044829990655
            }
          },
          "2": {
            "position": {
              "x": 0.09449338049439683,
              "y": -0.1411318188328848
            }
          },
          "3": {
            "position": {
              "x": -0.7109568812393863,
              "y": 0.3503273358338193
            }
          }
        },
        "edges": [
          [
            0,
            2
          ],
          [
            1,
            2
          ],
          [
            1,
            3
          ],
          [
            2,
            3
          ]
        ]
      }
    },
    "0-0-0": {
      "position": {
        "x": 0.0,
        "y": -30
      },
      "associated_graph": {
        "vertices": {
          "0": {
            "position": {
              "x": 1.0,
              "y": -0.001572938345469811
            }
          },
          "1": {
            "position": {
              "x": -0.9999805944508181,
              "y": -0.007166849696678989
            }
          },
          "2": {
            "position": {
              "x": 0.3549409988198897,
              "y": 0.005365949768451837
            }
          },
          "3": {
            "position": {
              "x": -0.35496040436907117,
              "y": 0.0033738382736968452
            }
          }
        },
        "edges": [
          [
            0,
            2
          ],
          [
            1,
            3
          ],
          [
            2,
            3
          ]
        ]
      }
    },
    "0-1-1": {
      "position": {
        "x": 1.0,
        "y": -30
      },
      "associated_graph": {
        "vertices": {
          "0": {
            "position": {
              "x": 0.3167924498780701,
              "y": 0.9710894198496657
            }
          },
          "1": {
            "position": {
              "x": 0.6837823997576858,
              "y": -0.7592619717555904
            }
          },
          "2": {
            "position": {
              "x": -0.000574849635755725,
              "y": -0.0016912572082744212
            }
          },
          "3": {
            "position": {
              "x": -1.0,
              "y": -0.2101361908858006
            }
          }
        },
        "edges": [
          [
            0,
            2
          ],
          [
            1,
            2
          ],
          [
            2,
            3
          ]
        ]
      }
    },
    "0-1-2": {
      "position": {
        "x": 2.0,
        "y": -30
      },
      "associated_graph": {
        "vertices": {
          "0": {
            "position": {
              "x": 0.8045087824516612,
              "y": 1.0
            }
          },
          "1": {
            "position": {
              "x": -0.30980517773757965,
              "y": -0.21110277011039724
            }
          },
          "2": {
            "position": {
              "x": -0.3535481803144647,
              "y": -0.43333632567035035
            }
          },
          "3": {
            "position": {
              "x": -0.14115542439961695,
              "y": -0.35556090421925246
            }
          }
        },
        "edges": [
          [
            1,
            2
          ],
          [
            1,
            3
          ],
          [
            2,
            3
          ]
        ]
      }
    },
    "0-0-0-0": {
      "position": {
        "x": 0.5,
        "y": -40
      },
      "associated_graph": {
        "vertices": {
          "0": {
            "position": {
              "x": 1.0,
              "y": 0.2943079564781969
            }
          },
          "1": {
            "position": {
              "x": -0.7955819761610294,
              "y": -0.4164518183647077
            }
          },
          "2": {
            "position": {
              "x": 0.7323290935386381,
              "y": 0.31104620502522984
            }
          },
          "3": {
            "position": {
              "x": -0.9367471173776085,
              "y": -0.1889023431387192
            }
          }
        },
        "edges": [
          [
            0,
            2
          ],
          [
            1,
            3
          ]
        ]
      }
    },
    "0-0-0-1": {
      "position": {
        "x": 1.5,
        "y": -40
      },
      "associated_graph": {
        "vertices": {
          "0": {
            "position": {
              "x": -0.12569302938845187,
              "y": 1.0
            }
          },
          "1": {
            "position": {
              "x": -0.16155565028756302,
              "y": -0.37436894698251827
            }
          },
          "2": {
            "position": {
              "x": 0.24720353882762985,
              "y": -0.3033162585391109
            }
          },
          "3": {
            "position": {
              "x": 0.040045140848385,
              "y": -0.32231479447837086
            }
          }
        },
        "edges": [
          [
            1,
            3
          ],
          [
            2,
            3
          ]
        ]
      }
    },
    "0-0-0-0-0": {
      "position": {
        "x": 1.0,