{
  "vertices": {
    "0": {
      "position": {
        "x": 1.0,
        "y": -10
      },
      "associated_graph": {
        "vertices": {
          "0": {
            "position": {
              "x": 0.6322300193673673,
              "y": -1.0
            }
          },
          "1": {
            "position": {
              "x": 0.9978225929464325,
              "y": 0.6308533972649636
            }
          },
          "2": {
            "position": {
              "x": -0.6322300193643358,
              "y": 0.9999999999977957
            }
          },
          "3": {
            "position": {
              "x": -0.9978225929494641,
              "y": -0.6308533972627586
            }
          }
        },
        "edges": [
          [
            0,
            1
          ],
          [
            0,
            2
          ],
          [
            0,
            3
          ],
          [
            1,
            2
          ],
          [
            1,
            3
          ],
          [
            2,
            3
          ]
        ]
      }
    },
    "0-0": {
      "position": {
        "x": 1.0,
        "y": -20
      },
      "associated_graph": {
        "vertices": {
          "0": {
            "position": {
              "x": -0.9979451919048172,
              "y": -0.07505544213296883
            }
          },
          "1": {
            "position": {
              "x": 1.0,
              "y": 0.07477780433989924
            }
          },
          "2": {
            "position": {
              "x": 0.03262455545305996,
              "y": -0.4644957115350605
            }
          },
          "3": {
            "position": {
              "x": -0.0346793635482427,
              "y": 0.4647733493281305
            }
          }
        },
        "edges": [
          [
            0,
            2
          ],
          [
            0,
            3
          ],
          [
            1,
            2
          ],
          [
            1,
            3
          ],
          [
            2,
            3
          ]
        ]
      }
    },
    "0-0-0": {
      "position": {
        "x": 0.5,
        "y": -30
      },
      "associated_graph": {
        "vertices": {
          "0": {
            "position": {
              "x": -0.9998870433260977,
              "y": 0.24935304725648252
            }
          },
          "1": {
            "position": {
              "x": 1.0,
              "y": -0.249285176809621
            }
          },
          "2": {
            "position": {
              "x": 0.24926266756820048,
              "y": 0.9999095778534405
            }
          },
          "3": {
            "position": {
              "x": -0.24937562424210277,
              "y": -0.9999774483003021
            }
          }
        },
        "edges": [
          [
            0,
            2
          ],
          [
            0,
            3
          ],
          [
            1,
            2
          ],
          [
            1,
            3
          ]
        ]
      }
    },
    "0-0-1": {
      "position": {
        "x": 1.5,
        "y": -30
      },
      "associated_graph": {
        "vertices": {
          "0": {
            "position": {
              "x": -1.0,
              "y": -0.6565123102278599
            }
          },
          "1": {
            "position": {
              "x": 0.35462982055952375,
              "y": 0.700222547520514
            }
          },
          "2": {
            "position": {
              "x": 0.7834965318528536,
              "y": 0.04697105485214784
            }
          },
          "3": {
            "position": {
              "x": -0.13812635241237767,
              "y": -0.09068129214480224
            }
          }
        },
        "edges": [
          [
            0,
            3
          ],
          [
            1,
            2
          ],
          [
            1,
            3
          ],
          [
            2,
            3
          ]
        ]
      }
    },
    "0-0-0-0": {
      "position": {
        "x": 0.0,
        "y": -40
      },
      "associated_graph": {
        "vertices": {
          "0": {
            "position": {
              "x": 0.01637197420302805,
              "y": 0.9995506810309428
            }
          },
          "1": {
            "position": {
              "x": -0.0058181654418227305,
              "y": -0.35367448932436607
            }
          },
          "2": {
            "position": {
              "x": -0.016305165353108827,
              "y": -0.9999999999999999
            }
          },
          "3": {
            "position": {
              "x": 0.005751356591903859,
              "y": 0.35412380829342305
            }
          }
        },
        "edges": [
          [
            0,
            3
          ],
          [
            1,
            2
          ],
          [
            1,
            3
          ]
        ]
      }
    },
    "0-0-1-1": {
      "position": {
        "x": 1.0,
        "y": -40
      },
      "associated_graph": {
        "vertices": {
          "0": {
            "position": {
              "x": 1.0,
              "y": 0.04886022146526333
            }
          },
          "1": {
            "position": {
              "x": -0.5396954907049473,
              "y": 0.8402933528534051
            }
          },
          "2": {
            "position": {
              "x": -0.46033611726149437,
              "y": -0.8890984204180066
            }
          },
          "3": {
            "position": {
              "x": 3.1607966441571916e-05,
              "y": -5.5153900662513685e-05
            }
          }
        },
        "edges": [
          [
            0,
            3
          ],
          [
            1,
            3
          ],
          [
            2,
            3
          ]
        ]
      }
    },
    "0-0-1-2": {
      "position": {
        "x": 2.0,
        "y": -40
      },
      "associated_graph": {
        "vertices": {
          "0": {
            "position": {
              "x": -1.0,
              "y": 0.7698958090221487
            }
          },
          "1": {
            "position": {
              "x": 0.18759316354203856,
              "y": -0.2873598167732143
            }
          },
          "2": {
            "position": {
              "x": 0.37874312165865665,
              "y": -0.11516045676643716
            }
          },
          "3": {
            "position": {
              "x": 0.43366371479930477,
              "y": -0.36737553548249724
            }
          }
        },
        "edges": [
          [
            1,
            2
          ],
          [
            1,
            3
          ],
          [
            2,
            3
          ]
        ]
      }
    },
    "0-0-0-0-0": {
      "position": {
        "x": 0.5,
        "y": -50
      },
      "associated_graph": {
        "vertices": {
          "0": {
            "position": {
              "x": -0.560427847076278,
              "y": 1.0
            }
          },
          "1": {
            "position": {
              "x": 0.671928842059449,
              "y": -0.5198096916624896
            }
          },
          "2": {
            "position": {
              "x": 0.0926914452241786,
              "y": -0.8445489609761472
            }
          },
          "3": {
            "position": {
              "x": -0.20419244020734975,